id,title,publication_date,description,channel_id,channel_title,viewCount,likeCount,favoriteCount,commentCount,url,duracao,Mean_l,Q0.05,Q0.1,Q0.15,Q0.2,Q0.25,Q0.3,Q0.35,Q0.4,Q0.45,Q0.5,Q0.55,Q0.6,Q0.65,Q0.7,Q0.75,Q0.8,Q0.85,Q0.9,Q0.95,Mediana_r,Mean_r
puVeHZI1JaM,MINECRAFT! o ovo do dragão XD,2014-02-14T19:01:00Z,Eu sou muito burro!!!!!,UCD5VUiNxflMhmJgmh5TO14Q,Formiga Atômica,311,9,0,1,https://www.youtube.com/watch?v=puVeHZI1JaM,311.18,-0.01554439388486126,-2772,-1572,-969,-687,-496,-403,-251,-180,-106,27,76,171,291,365,536,722,1015,1589,2756,NA,NA
AdABr8uNKJQ,MINECRAFT A mansão!,2014-02-15T17:47:15Z,"Eu não vi parar de gravar, eu fiquei falando que nem retardado.",UCD5VUiNxflMhmJgmh5TO14Q,Formiga Atômica,74,6,0,0,https://www.youtube.com/watch?v=AdABr8uNKJQ,326.23,0.08003212948658214,-2635,-1520,-967,-693,-511,-406,-264,-181,-107,24,80,180,294,374,539,724,1009,1551,2635,NA,NA
gDe24qF92CI,GTA IV! participação especial!,2014-02-19T00:49:22Z,O mata tudo.,UCD5VUiNxflMhmJgmh5TO14Q,Formiga Atômica,52,3,0,0,https://www.youtube.com/watch?v=gDe24qF92CI,303.65,0.02949392333667053,-3534,-2156,-1402,-911,-595,-404,-229,-176,-76,30,63,124,273,360,572,905,1419,2198,3567,NA,NA
T1iU05bZ5RQ,HAPPY WHEELS! dinossauros,2014-02-21T23:16:43Z,Muito noob!,UCD5VUiNxflMhmJgmh5TO14Q,Formiga Atômica,147,5,0,NA,https://www.youtube.com/watch?v=T1iU05bZ5RQ,570.48,0.007252116638620109,-3641,-2182,-1427,-985,-702,-498,-376,-210,-134,18,86,229,330,511,696,979,1410,2191,3726,NA,NA
hBL0yVT9y7k,Saint Row! a prova de meus poderes,2014-02-25T01:31:24Z,O super poderoso!,UCD5VUiNxflMhmJgmh5TO14Q,Formiga Atômica,30,3,0,0,https://www.youtube.com/watch?v=hBL0yVT9y7k,395.3,-0.004124093946262454,-3224,-1907,-1185,-762,-512,-389,-231,-174,-88,26,69,142,276,351,537,785,1223,1954,3227,NA,NA
LX7LNA1zNEg,Minecraft! Meu mundo,2014-03-01T18:38:21Z,Muitas construções!,UCD5VUiNxflMhmJgmh5TO14Q,Formiga Atômica,42,4,0,1,https://www.youtube.com/watch?v=LX7LNA1zNEg,303.98,0.014917040589855607,-3090,-1894,-1188,-754,-503,-391,-230,-176,-76,26,67,152,277,349,535,779,1203,1871,3058,NA,NA
KcM3qs85L58,Minecraft! Meu mundo Ep 2,2014-03-04T15:41:58Z,Muitas trolagens!,UCD5VUiNxflMhmJgmh5TO14Q,Formiga Atômica,35,4,0,0,https://www.youtube.com/watch?v=KcM3qs85L58,302.59,0.014628471120628877,-2891,-1765,-1146,-752,-522,-404,-240,-180,-85,26,71,172,285,371,547,783,1161,1775,2875,NA,NA
avwnoolTfDo,Minecraft! Meu mundo Ep 3,2014-03-07T18:49:59Z,Minha mansão!,UCD5VUiNxflMhmJgmh5TO14Q,Formiga Atômica,42,4,0,NA,https://www.youtube.com/watch?v=avwnoolTfDo,349.49,0.0213114136489188,-2931,-1804,-1166,-771,-531,-404,-240,-179,-87,27,72,171,288,376,554,799,1199,1802,2883,NA,NA
8tAL-w1F-Cw,Ghost Recon! o camper,2014-03-12T00:51:27Z,Apenas perdendo missões!,UCD5VUiNxflMhmJgmh5TO14Q,Formiga Atômica,27,3,0,0,https://www.youtube.com/watch?v=8tAL-w1F-Cw,594.22,-0.02039501068074011,-2853,-1624,-1089,-795,-613,-446,-325,-202,-119,15,83,217,310,453,584,791,1070,1622,2886,NA,NA
DzxBZjyubM4,GTA IV! o infernos!!!!!!,2014-03-16T18:14:42Z,Controle maldito!,UCD5VUiNxflMhmJgmh5TO14Q,Formiga Atômica,79,4,0,0,https://www.youtube.com/watch?v=DzxBZjyubM4,305.23,-0.00425113793223952,-3630,-2168,-1393,-907,-593,-395,-220,-171,-64,34,61,107,262,355,574,906,1406,2197,3657,NA,NA
rSQWfnJz7MQ,GTA IV! o grande pulo =O,2014-03-20T18:13:42Z,câmera e mãe malditas!!!!!!!,UCD5VUiNxflMhmJgmh5TO14Q,Formiga Atômica,43,4,0,0,https://www.youtube.com/watch?v=rSQWfnJz7MQ,308.16,0.0043262158186223604,-3539,-2095,-1318,-837,-526,-377,-214,-170,-70,34,65,114,267,341,546,832,1320,2104,3532,NA,NA
EUm94aSJjWk,GTA IV! o grande pulo Ep 2,2014-03-21T18:40:37Z,Apenas sendo gangster!,UCD5VUiNxflMhmJgmh5TO14Q,Formiga Atômica,36,3,0,NA,https://www.youtube.com/watch?v=EUm94aSJjWk,305.42,0.01629735766235354,-3545,-2092,-1337,-858,-529,-355,-204,-164,-53,38,63,98,244,332,545,847,1338,2120,3575,NA,NA
q-vx5hvpQ1Q,SAINT ROW! o BOSS maldito!,2014-03-25T19:59:33Z,Todos os meus carros!!!,UCD5VUiNxflMhmJgmh5TO14Q,Formiga Atômica,10,3,0,0,https://www.youtube.com/watch?v=q-vx5hvpQ1Q,409.34,-0.0314304716815197,-2847,-1610,-971,-662,-458,-354,-219,-167,-81,24,69,132,260,329,484,651,993,1618,2868,NA,NA
AXG-EHivpaE,GHOST RECON! perguntas importantes,2014-03-26T23:32:21Z,Mãe para de falar!!!!,UCD5VUiNxflMhmJgmh5TO14Q,Formiga Atômica,12,3,0,0,https://www.youtube.com/watch?v=AXG-EHivpaE,587.47,-38.808230397206536,-2271,-1294,-802,-526,-364,-283,-185,-159,-82,-13,3,37,140,185,312,455,706,1213,2220,-13,-38.808262859064435
YymuqVS8-to,GTA IV! a violência domina o mundo de gta,2014-04-02T00:50:11Z,Apenas matando inocentes!!!!,UCD5VUiNxflMhmJgmh5TO14Q,Formiga Atômica,50,3,0,0,https://www.youtube.com/watch?v=YymuqVS8-to,593.09,0.03814628548658321,-3398,-2015,-1243,-792,-517,-377,-220,-167,-76,30,68,123,263,344,537,797,1255,2022,3409,NA,NA
i1W7H0TKblM,GTA IV! o sniper pro,2014-04-04T18:23:41Z,Apenas derrubando helicópteros de sniper!!!!,UCD5VUiNxflMhmJgmh5TO14Q,Formiga Atômica,24,3,0,NA,https://www.youtube.com/watch?v=i1W7H0TKblM,520.46,-0.040165602231854655,-2203,-1323,-870,-615,-439,-328,-213,-165,-77,21,64,118,243,312,431,581,844,1320,2243,NA,NA
9ZwZpCGPYy4,GTA IV! jogando com Tony,2014-04-05T12:30:57Z,Este foi meu primeiro video gravado!!!,UCD5VUiNxflMhmJgmh5TO14Q,Formiga Atômica,20,3,0,NA,https://www.youtube.com/watch?v=9ZwZpCGPYy4,293.26,0.017397129129497778,-3706,-2291,-1525,-1054,-734,-511,-360,-210,-114,18,93,231,346,527,750,1058,1534,2297,3695,NA,NA
gCyAokCAT6M,GTA IV! o APC!,2014-04-05T19:33:09Z,Easter eeg da estatua da liberdade?,UCD5VUiNxflMhmJgmh5TO14Q,Formiga Atômica,21,4,0,0,https://www.youtube.com/watch?v=gCyAokCAT6M,307.7,0.034525130753364705,-3654,-2202,-1430,-956,-659,-442,-285,-185,-96,25,74,177,301,450,652,973,1458,2243,3673,NA,NA
Svdo50JAD20,GTA IV! finalmente!,2014-04-09T00:21:55Z,O maior easter egg do GTA IV!!!!!!!!!,UCD5VUiNxflMhmJgmh5TO14Q,Formiga Atômica,14,3,0,0,https://www.youtube.com/watch?v=Svdo50JAD20,292.75,-0.01006333859375854,-3206,-1847,-1114,-686,-445,-297,-196,-156,-45,37,62,94,218,311,468,708,1119,1856,3197,NA,NA
QNUCoIn4WjE,GTA IV! fazendo uma missão :),2014-04-10T23:55:53Z,Mr. C4!!!!!!,UCD5VUiNxflMhmJgmh5TO14Q,Formiga Atômica,31,3,0,0,https://www.youtube.com/watch?v=QNUCoIn4WjE,310.1,-0.046505433123511256,-3183,-1695,-960,-611,-417,-251,-191,-152,-38,36,60,88,194,296,389,592,984,1717,3187,NA,NA
p2j-OLQMJNE,Aviso importante sobre o canal!!!! Atomicpocket,2014-04-16T19:17:06Z,E a tristeza vai as alturas!!,UCD5VUiNxflMhmJgmh5TO14Q,Formiga Atômica,69,5,0,0,https://www.youtube.com/watch?v=p2j-OLQMJNE,33.12,0.006529916465378422,-3469,-2036,-1325,-878,-569,-378,-203,-159,-22,46,68,115,285,407,638,985,1423,2064,3242,NA,NA
-VgwmOI0XUw,Star Wars: The Force Unleashed II! Ep 1,2014-04-20T00:48:00Z,O jogo mais surpreendente de todos XD!!!,UCD5VUiNxflMhmJgmh5TO14Q,Formiga Atômica,34,3,0,0,https://www.youtube.com/watch?v=-VgwmOI0XUw,587.18,-45.7722524678451,-2245,-1481,-1066,-811,-615,-471,-342,-224,-147,-31,37,155,250,368,524,716,997,1399,2163,-31,-45.77228174029421
zUZ2b-V2u5I,Star Wars: The Force Unleashed II! Ep 2,2014-04-21T02:04:57Z,Robôs de gelo :(,UCD5VUiNxflMhmJgmh5TO14Q,Formiga Atômica,22,3,0,1,https://www.youtube.com/watch?v=zUZ2b-V2u5I,480.67,0.009988966835319442,-3273,-2110,-1507,-1119,-833,-612,-423,-258,-134,19,132,289,443,623,851,1144,1539,2140,3262,NA,NA
e-D8CxFSc_8,Star Wars: The Force Unleashed II Ep 3!,2014-04-23T09:26:35Z,A fuga e o Coliseu Galatico!!!!!!,UCD5VUiNxflMhmJgmh5TO14Q,Formiga Atômica,22,3,0,0,https://www.youtube.com/watch?v=e-D8CxFSc_8,540.62,-0.01384306992167076,-2953,-1929,-1391,-1033,-769,-567,-402,-236,-125,22,122,275,413,583,798,1063,1428,1965,2946,NA,NA
uhlt8MfueJU,Star Wars: The Force Unleashed II! Ep 5,2014-04-25T19:15:36Z,E a maldição da nave continua e o pulo épico :O,UCD5VUiNxflMhmJgmh5TO14Q,Formiga Atômica,14,3,0,0,https://www.youtube.com/watch?v=uhlt8MfueJU,540.24,-0.0035917678562614147,-2795,-1738,-1203,-874,-639,-448,-314,-191,-103,26,90,218,324,483,652,897,1247,1780,2803,NA,NA
tV_n8icZXGg,Star Wars: The Force Unleashed II! Ep 4,2014-04-25T19:16:11Z,Nave malditaaaaa! :(,UCD5VUiNxflMhmJgmh5TO14Q,Formiga Atômica,30,3,0,0,https://www.youtube.com/watch?v=tV_n8icZXGg,509.83,0.016623694994952587,-3005,-1977,-1435,-1079,-810,-601,-421,-257,-131,19,137,290,445,618,834,1105,1472,2008,2996,NA,NA
7eG3nIaKofY,Star Wars: The Force Unleashed II! Ep 6,2014-04-25T22:19:43Z,As muralhas mais frágeis do mundo!,UCD5VUiNxflMhmJgmh5TO14Q,Formiga Atômica,12,2,0,0,https://www.youtube.com/watch?v=7eG3nIaKofY,482.11,-0.027865758717199877,-2786,-1719,-1196,-879,-650,-464,-334,-200,-106,22,100,231,339,500,670,903,1237,1757,2801,NA,NA
5qddEexpya4,Star Wars: The Force Unleashed II! Ep 7,2014-04-25T23:12:12Z,A morte do boss da nave e pedido de desculpas! :D,UCD5VUiNxflMhmJgmh5TO14Q,Formiga Atômica,17,2,0,0,https://www.youtube.com/watch?v=5qddEexpya4,183.79,-0.07297118935173094,-3306,-2233,-1655,-1262,-960,-717,-511,-336,-161,14,171,342,537,749,991,1285,1678,2249,3261,NA,NA
B_XX296aDM4,Star Wars: The Force Unleashed II! Ep 8,2014-04-26T10:24:04Z,The Gorog o maior monstro do universo!!!!!!,UCD5VUiNxflMhmJgmh5TO14Q,Formiga Atômica,14,3,0,0,https://www.youtube.com/watch?v=B_XX296aDM4,566.57,0.003254684345038901,-3012,-1956,-1405,-1043,-778,-580,-413,-249,-132,16,127,277,422,587,799,1062,1431,1984,3010,NA,NA
6XhcEqeRjQw,Star Wars: The Force Unleashed II! Ep 9,2014-04-26T12:25:34Z,A incrível morte de The Gorog!!!!,UCD5VUiNxflMhmJgmh5TO14Q,Formiga Atômica,4,3,0,0,https://www.youtube.com/watch?v=6XhcEqeRjQw,480.34,0.0076759202585967605,-3091,-1911,-1322,-947,-693,-494,-358,-212,-112,20,104,246,355,527,725,985,1354,1956,3099,NA,NA
AB1bULXPOac,Star Wars: The Force Unleashed II! Ep 10,2014-04-26T18:01:12Z,Reencontrando a Juno!!!!,UCD5VUiNxflMhmJgmh5TO14Q,Formiga Atômica,6,2,0,0,https://www.youtube.com/watch?v=AB1bULXPOac,567.36,0.02979538270821583,-2649,-1565,-1067,-770,-586,-431,-299,-192,-103,21,88,214,310,447,585,797,1088,1592,2649,NA,NA
P244EFRBfdE,Meu aniversario!!! Atomicpocket :),2014-04-26T18:01:19Z,O atomicpocket mais vergonhante de todos!,UCD5VUiNxflMhmJgmh5TO14Q,Formiga Atômica,29,2,0,NA,https://www.youtube.com/watch?v=P244EFRBfdE,72.74,0.056577976648704134,-2927,-1869,-1231,-828,-525,-361,-208,-163,-35,38,64,119,274,360,573,865,1269,1829,2821,NA,NA
I0mEgi5duNc,Star Wars: The Force Unleashed II! Ep 11,2014-04-27T01:50:33Z,Boba Feet o sequestrador e a aventura pelos motores da nave!!!!!,UCD5VUiNxflMhmJgmh5TO14Q,Formiga Atômica,6,3,0,0,https://www.youtube.com/watch?v=I0mEgi5duNc,482.38,0.08725536891000658,-2420,-1574,-1144,-868,-660,-481,-358,-215,-118,16,104,242,347,507,665,871,1162,1594,2450,NA,NA
PU9Ng34RUoM,Star Wars: The Force Unleashed II! Ep 12,2014-04-29T17:20:08Z,Matando o Terror Walker a maior aranha do universo!!!,UCD5VUiNxflMhmJgmh5TO14Q,Formiga Atômica,16,2,0,0,https://www.youtube.com/watch?v=PU9Ng34RUoM,566.11,0.029350420058221693,-2945,-1922,-1386,-1031,-772,-574,-408,-249,-130,14,125,274,411,579,788,1045,1399,1938,2944,NA,NA
6zMHG9jJ8DE,Star Wars: The Force Unleashed II! Ep 13,2014-04-30T18:09:26Z,Aventura pelos motores da nave! parte 2 kkkkk,UCD5VUiNxflMhmJgmh5TO14Q,Formiga Atômica,9,2,0,0,https://www.youtube.com/watch?v=6zMHG9jJ8DE,508.3,0.030314685406403617,-2840,-1822,-1299,-958,-714,-526,-382,-228,-123,15,110,253,372,540,733,978,1313,1844,2869,NA,NA
j4S4ZwiIuqo,Star Wars: The Force Unleashed II! Ep 14,2014-05-01T14:45:44Z,Robôs de fogo e guerra no espaço,UCD5VUiNxflMhmJgmh5TO14Q,Formiga Atômica,9,3,0,1,https://www.youtube.com/watch?v=j4S4ZwiIuqo,546.53,-0.018850627659211118,-3078,-1946,-1366,-987,-723,-525,-380,-222,-124,18,106,254,368,544,749,1014,1389,1986,3103,NA,NA
W_VsL90UpW4,Star Wars: The Force Unleashed II! Ep 15,2014-05-01T19:41:05Z,A grande explosão da nave inimiga e abandon ship!!!,UCD5VUiNxflMhmJgmh5TO14Q,Formiga Atômica,53,3,0,0,https://www.youtube.com/watch?v=W_VsL90UpW4,482.76,7.981450410141685e-4,-2813,-1788,-1249,-910,-670,-477,-351,-206,-115,20,98,236,339,506,680,925,1274,1812,2825,NA,NA
FnmKnUtB5Xk,Star Wars: The Force Unleashed II! Ep 16,2014-05-02T18:36:14Z,A grande fuga da nave em chamas!!!,UCD5VUiNxflMhmJgmh5TO14Q,Formiga Atômica,15,3,0,0,https://www.youtube.com/watch?v=FnmKnUtB5Xk,551.45,-0.02681829625519239,-3033,-1968,-1406,-1039,-769,-569,-403,-241,-129,18,120,273,405,577,791,1057,1431,1991,3024,NA,NA
_FbyDY3qZfc,Star Wars: The Force Unleashed II! Ep 17,2014-05-04T17:10:49Z,Minhas primeiras montagens e o bug da porta!!!,UCD5VUiNxflMhmJgmh5TO14Q,Formiga Atômica,14,2,0,0,https://www.youtube.com/watch?v=_FbyDY3qZfc,480.67,-0.010689461836761867,-2886,-1756,-1186,-851,-622,-437,-308,-188,-104,27,91,216,320,467,623,863,1220,1776,2869,NA,NA
VxbkZGlVRTw,Star Wars: The Force Unleashed II! Ep 18,2014-05-07T22:25:23Z,Voltando ao ponto de inicio e espada preta :O,UCD5VUiNxflMhmJgmh5TO14Q,Formiga Atômica,26,3,0,0,https://www.youtube.com/watch?v=VxbkZGlVRTw,394.34,-0.07536376868926623,-2791,-1826,-1310,-962,-711,-522,-379,-221,-122,22,113,261,375,548,743,989,1319,1823,2759,NA,NA
Y_kgj9y7foI,Star Wars: The Force Unleashed II! Ep 19,2014-05-08T20:25:26Z,Fazendo parkur no Star Wars :),UCD5VUiNxflMhmJgmh5TO14Q,Formiga Atômica,5,2,0,0,https://www.youtube.com/watch?v=Y_kgj9y7foI,580.92,0.0053388375335674445,-2619,-1707,-1234,-929,-701,-520,-385,-229,-125,18,116,263,379,542,727,949,1254,1721,2602,NA,NA
YNbQG9SZ8fI,Star Wars: The Force Unleashed II! Ep 20,2014-05-09T09:15:45Z,Lutando contra Lord Vader!!!! XD,UCD5VUiNxflMhmJgmh5TO14Q,Formiga Atômica,8,3,0,0,https://www.youtube.com/watch?v=YNbQG9SZ8fI,547.53,-43.91715345698155,-2002,-1317,-958,-714,-543,-416,-323,-201,-138,-26,32,147,219,342,483,652,874,1230,1901,-26,-43.91731642447254
HysQoZuDEdk,Star Wars: The Force Unleashed II! Ep 21,2014-05-09T18:34:16Z,A morte de Juno!!!!! ; - ;,UCD5VUiNxflMhmJgmh5TO14Q,Formiga Atômica,4,3,0,0,https://www.youtube.com/watch?v=HysQoZuDEdk,488.33,0.0291184494165124,-3035,-1923,-1354,-981,-721,-529,-385,-226,-127,17,107,256,371,544,747,1005,1366,1950,3043,NA,NA
bpGfZELk-4c,Star Wars: The Force Unleashed II! Ep 22,2014-05-09T20:49:39Z,A grande escolha entre dark side e light side XD,UCD5VUiNxflMhmJgmh5TO14Q,Formiga Atômica,12,2,0,0,https://www.youtube.com/watch?v=bpGfZELk-4c,305.18,0.015663637892768516,-2922,-1960,-1440,-1098,-838,-628,-441,-281,-143,12,140,296,456,629,841,1104,1460,1977,2929,NA,NA
Ps4W2LzwfTI,Star Wars: The Force Unleashed II! Ep 23,2014-05-09T21:52:38Z,A grande perda dos rebeldes!,UCD5VUiNxflMhmJgmh5TO14Q,Formiga Atômica,9,3,0,0,https://www.youtube.com/watch?v=Ps4W2LzwfTI,127.06,0.02939123955840994,-3146,-2055,-1448,-1059,-770,-567,-402,-233,-131,22,114,275,398,573,792,1067,1469,2052,3105,NA,NA
5QzgT3KU1lk,Star Wars: The Force Unleashed II! Ep 24,2014-05-11T00:45:18Z,A grande vitória dos rebeldes!,UCD5VUiNxflMhmJgmh5TO14Q,Formiga Atômica,11,2,0,0,https://www.youtube.com/watch?v=5QzgT3KU1lk,278.81,0.05166667862232552,-2417,-1435,-993,-741,-589,-430,-315,-191,-110,23,93,221,318,450,578,776,1025,1466,2413,NA,NA
pIl-_abMKQk,Minecraft! Ep 1,2014-05-11T14:15:23Z,O pior jogador do mundo :(,UCD5VUiNxflMhmJgmh5TO14Q,Formiga Atômica,39,4,0,0,https://www.youtube.com/watch?v=pIl-_abMKQk,550.92,-0.010768767092620828,-2416,-1294,-748,-475,-363,-223,-182,-137,-30,32,59,87,162,276,336,520,783,1313,2438,NA,NA
tstttVeAiWg,Minecraft! Ep 2,2014-05-11T19:47:12Z,O grito mais escroto da fase da Terra!,UCD5VUiNxflMhmJgmh5TO14Q,Formiga Atômica,35,3,0,0,https://www.youtube.com/watch?v=tstttVeAiWg,521.9,0.01423393957509427,-2897,-1554,-874,-507,-375,-221,-181,-138,-22,36,59,83,152,280,344,551,913,1625,2943,NA,NA
SQH6_xvk2oE,Minecraft! Ep 3,2014-05-12T00:29:41Z,A pessoa mais sega do mundo!,UCD5VUiNxflMhmJgmh5TO14Q,Formiga Atômica,26,4,0,0,https://www.youtube.com/watch?v=SQH6_xvk2oE,555.12,0.015320824026036413,-2807,-1516,-897,-596,-419,-279,-195,-151,-56,32,66,108,227,308,417,593,927,1553,2792,NA,NA
acYJC8zXIrY,VLOG: Video especial (50),2014-05-16T00:10:07Z,Meu primeiro vlog,UCD5VUiNxflMhmJgmh5TO14Q,Formiga Atômica,48,3,0,0,https://www.youtube.com/watch?v=acYJC8zXIrY,20.5,0.22031737900078063,-2973,-2218,-1744,-1382,-1083,-826,-603,-394,-191,-11,167,365,576,809,1069,1368,1734,2222,3017,NA,NA
0dJftLxqbMA,VLOG: Esperando o professor em um curso novo.,2014-05-16T00:14:17Z,A sala mais loca do mundo!,UCD5VUiNxflMhmJgmh5TO14Q,Formiga Atômica,72,3,0,0,https://www.youtube.com/watch?v=0dJftLxqbMA,13.61,0.5237988070742701,-2905,-2050,-1544,-1188,-912,-682,-478,-305,-141,5,137,312,504,700,925,1199,1549,2056,2915,NA,NA
jAHmgZxN9vU,VLOG: A chatice aumenta!,2014-05-16T00:34:37Z,Re mostrando a sala,UCD5VUiNxflMhmJgmh5TO14Q,Formiga Atômica,113,5,0,NA,https://www.youtube.com/watch?v=jAHmgZxN9vU,56.95,-0.07254061900079599,-2768,-1991,-1533,-1195,-933,-706,-507,-333,-160,10,162,330,520,716,938,1202,1526,1989,2777,NA,NA
uDfVr-HzeLs,Minecraft! Ep 4,2014-05-16T22:53:25Z,Encontrando a vila!!!!,UCD5VUiNxflMhmJgmh5TO14Q,Formiga Atômica,20,2,0,0,https://www.youtube.com/watch?v=uDfVr-HzeLs,539.64,0.05948935092530823,-2680,-1431,-861,-568,-411,-265,-192,-152,-57,33,65,101,214,303,386,572,873,1499,2709,NA,NA
6J-IWaex9BA,Minecraft! Ep 5,2014-05-17T14:24:48Z,Estou sem ideias!,UCD5VUiNxflMhmJgmh5TO14Q,Formiga Atômica,9,2,0,0,https://www.youtube.com/watch?v=6J-IWaex9BA,545.9,0.050693589593286244,-2325,-1314,-849,-606,-435,-320,-208,-162,-63,30,68,129,261,320,460,591,851,1338,2298,NA,NA
U9yZ7kXid-A,Minecraft! Ep 6,2014-05-17T20:02:59Z,Gato maldito!!!,UCD5VUiNxflMhmJgmh5TO14Q,Formiga Atômica,16,2,0,0,https://www.youtube.com/watch?v=U9yZ7kXid-A,516.19,-0.046687367943194266,-2595,-1467,-937,-670,-473,-386,-234,-175,-87,28,75,169,284,353,522,691,984,1514,2564,NA,NA
PXDE16ZK9Hg,Minecraft! Ep 7,2014-05-21T22:38:50Z,Ice Golem e mudanças!!!,UCD5VUiNxflMhmJgmh5TO14Q,Formiga Atômica,21,2,0,0,https://www.youtube.com/watch?v=PXDE16ZK9Hg,570.29,-0.04669599687643203,-2631,-1495,-927,-641,-442,-330,-209,-164,-66,30,67,123,261,321,475,628,971,1538,2631,NA,NA
72D9UKdVnlc,GTA IV! Minhas primeiras edições!!!,2014-07-23T16:55:31Z,Este video foi gravado antes da minha camera quebrar,UCD5VUiNxflMhmJgmh5TO14Q,Formiga Atômica,48,3,0,NA,https://www.youtube.com/watch?v=72D9UKdVnlc,856.13,0.01326904388128878,-1671,-797,-398,-209,-102,-10,0,0,0,0,0,0,0,32,81,197,408,808,1686,0,0.033997690765866784
Y3An2AAcwJ4,GTA IV! O novo Super Man!!!!,2014-07-24T01:26:25Z,ATENÇÃO este video foi gravado antes da minha camera quebrer!,UCD5VUiNxflMhmJgmh5TO14Q,Formiga Atômica,28,3,0,1,https://www.youtube.com/watch?v=Y3An2AAcwJ4,521.78,-0.00835990084019441,-3331,-1879,-1156,-737,-478,-329,-202,-153,-43,32,61,97,222,321,502,754,1167,1894,3355,32,-0.008373476061614257
k3Q7-wi3TzE,GTA V! Ep 1,2014-08-02T18:23:43Z,O pior pulador de paraquedas do mundo!!!,UCD5VUiNxflMhmJgmh5TO14Q,Formiga Atômica,20,2,0,0,https://www.youtube.com/watch?v=k3Q7-wi3TzE,887.11,0.05127138211785359,-7221,-4230,-2742,-1898,-1373,-1001,-708,-457,-228,-10,207,435,685,978,1349,1878,2741,4285,7369,NA,NA
nZGZELj23OA,GTA V! A vila dos pelados,2014-08-09T20:07:50Z,Muita zueira!!!!!,UCD5VUiNxflMhmJgmh5TO14Q,Formiga Atômica,194,7,0,2,https://www.youtube.com/watch?v=nZGZELj23OA,655.13,-0.07244652953315993,-7189,-4197,-2650,-1760,-1207,-840,-572,-357,-169,9,186,376,594,867,1243,1805,2701,4221,7137,9,-0.07722981870209587
g_A7VCYBoW0,Minecraft! Ep 8,2014-08-17T15:16:04Z,A continuação da série!!!,UCD5VUiNxflMhmJgmh5TO14Q,Formiga Atômica,26,4,0,NA,https://www.youtube.com/watch?v=g_A7VCYBoW0,611.06,0.04551654300258784,-5838,-3086,-1814,-1226,-897,-663,-473,-310,-155,-6,138,294,457,643,874,1200,1778,3084,5970,NA,NA
mrxOfwJjIpI,GTA V! O roubo do jato XD,2014-08-23T17:26:01Z,Escrevão nos comentarios se gostarem da edição,UCD5VUiNxflMhmJgmh5TO14Q,Formiga Atômica,80,3,0,NA,https://www.youtube.com/watch?v=mrxOfwJjIpI,826.51,0.0307600393783353,-4063,-2203,-1347,-900,-637,-459,-321,-204,-98,0,98,203,321,459,638,902,1354,2237,4114,0,0.04267560039458996
QTK2BcKxFtA,Cumprindo desafio do balde de gelo!,2014-08-29T19:18:39Z,"Desafio para conscientização da doença ELA, aceito",UCD5VUiNxflMhmJgmh5TO14Q,Formiga Atômica,250,7,0,NA,https://www.youtube.com/watch?v=QTK2BcKxFtA,11.09,0,0,0,0,0,0,0,0,0,0,0,0,0,0,0,0,0,0,0,0,0,0
GDyC_xeWsAQ,Minecraft! Especial de uma hora!!!,2014-09-04T17:07:01Z,Este vídeo foi feito por termos chegado a 1.000 visualizações,UCD5VUiNxflMhmJgmh5TO14Q,Formiga Atômica,37,5,0,NA,https://www.youtube.com/watch?v=GDyC_xeWsAQ,4664.78,-0.0019363660068004577,-910,-491,-297,-192,-135,-97,-68,-44,-22,0,21,43,68,96,134,193,301,500,919,0,-0.003345117373065934
Uj_5HxtWVMM,Vídeo zueira! Vejam a descrição,2014-09-04T22:18:58Z,Como descobrir se seu amigo é um assassino profissional!,UCD5VUiNxflMhmJgmh5TO14Q,Formiga Atômica,162,10,0,NA,https://www.youtube.com/watch?v=Uj_5HxtWVMM,25.03,0.34192400394162137,-3302,-1553,-1020,-758,-580,-437,-316,-203,-99,1,103,205,317,438,584,766,1031,1570,3268,NA,NA
0gAytUB5qM4,Word of Tanks! Morri!,2014-09-06T19:51:45Z,Como não destruir tanques!,UCD5VUiNxflMhmJgmh5TO14Q,Formiga Atômica,20,4,0,NA,https://www.youtube.com/watch?v=0gAytUB5qM4,350.66,0.0069911415676164835,-1051,-603,-376,-247,-173,-124,-87,-56,-28,-2,24,51,81,117,164,235,361,598,1076,-2,0.004633828013901246
c1R5hmdwZyw,Minecraft! Desafios de um amigo Ep 1,2014-09-10T23:40:41Z,Desculpe se o tamanho do video for pequeno :(,UCD5VUiNxflMhmJgmh5TO14Q,Formiga Atômica,47,2,0,NA,https://www.youtube.com/watch?v=c1R5hmdwZyw,371.69,0.04832026457674178,-6454,-3615,-2282,-1582,-1163,-863,-619,-404,-203,-10,181,384,603,853,1160,1586,2304,3685,6586,-10,0.035423471208827474
1cHKXcft5GA,Video zueira! O troco,2014-09-12T19:16:12Z,Gabriel maldito!!!!!,UCD5VUiNxflMhmJgmh5TO14Q,Formiga Atômica,77,3,0,NA,https://www.youtube.com/watch?v=1cHKXcft5GA,32.93,-0.1920484339569161,-3329,-1789,-1221,-911,-694,-521,-370,-231,-102,0,101,232,371,523,698,915,1225,1788,3342,-2,-0.18789606616456106
--LIMZecSJA,Minecraft! Desafios de um amigo Ep 2,2014-09-15T23:10:15Z,O tirador de escadas :(,UCD5VUiNxflMhmJgmh5TO14Q,Formiga Atômica,32,2,0,NA,https://www.youtube.com/watch?v=--LIMZecSJA,312.1,-0.05706437282118323,-2414,-1376,-867,-589,-428,-316,-226,-147,-74,-3,67,141,221,313,428,592,879,1409,2470,-3,-0.05715368828821901
Akkj7uL0DS8,Minecraft! Desafios de um amigo Ep 3 (FIM?),2014-09-19T22:16:05Z,Eu vou cobrá-lo um mapa melhor!!!!!,UCD5VUiNxflMhmJgmh5TO14Q,Formiga Atômica,25,3,0,NA,https://www.youtube.com/watch?v=Akkj7uL0DS8,436.08,-0.02206408992233841,-3106,-1835,-1165,-769,-536,-386,-271,-174,-86,-1,83,172,271,387,540,777,1181,1865,3150,-1,-0.022602981868770255
3TQBsM1ODjY,Plants vs Zombies! Ep 1,2014-09-23T19:40:56Z,E morreu!,UCD5VUiNxflMhmJgmh5TO14Q,Formiga Atômica,26,2,0,NA,https://www.youtube.com/watch?v=3TQBsM1ODjY,506.16,-0.008490069016384806,-2780,-1653,-1021,-639,-417,-282,-190,-118,-57,-2,53,114,185,276,408,628,1020,1675,2820,-2,-0.04559942343659449
ZoLoEZpOx4Q,Video zueira!,2014-10-03T18:10:20Z,A MORTE!!!!!!!,UCD5VUiNxflMhmJgmh5TO14Q,Formiga Atômica,98,8,0,NA,https://www.youtube.com/watch?v=ZoLoEZpOx4Q,88.01,0.10083837075417386,-2562,-1623,-1101,-759,-529,-373,-259,-167,-88,-13,59,138,226,335,485,718,1084,1651,2672,-13,0.10116244167196921
FKf0txXrf6M,HAPPY WHEELS! Ep 1,2014-10-10T22:46:49Z,SWORD THROW PRÓ!!!!,UCD5VUiNxflMhmJgmh5TO14Q,Formiga Atômica,30,4,0,NA,https://www.youtube.com/watch?v=FKf0txXrf6M,722.09,-0.03165265175435681,-2168,-1315,-848,-545,-352,-238,-162,-103,-52,-5,42,92,150,223,331,519,836,1339,2237,-5,-0.0330220600997847
MMBi7K23g5g,GTA V! Procurando Easter Eggs,2014-10-14T09:12:22Z,Loucuras!!!!,UCD5VUiNxflMhmJgmh5TO14Q,Formiga Atômica,34,4,0,0,https://www.youtube.com/watch?v=MMBi7K23g5g,790.99,-0.0030969813853995993,-2704,-1606,-1072,-778,-585,-437,-313,-201,-97,0,95,199,311,436,586,783,1089,1643,2751,0,0.07557751321547289
Jv7SD2xZn1U,HAPPY WHEELS! Ep 2,2014-10-15T11:42:17Z,Rope swing!!!,UCD5VUiNxflMhmJgmh5TO14Q,Formiga Atômica,22,5,0,NA,https://www.youtube.com/watch?v=Jv7SD2xZn1U,545.57,-0.001987454664985239,-2198,-1251,-748,-456,-306,-217,-152,-98,-50,-4,41,90,143,207,292,433,719,1245,2255,-4,-0.021849858007312258
WEWdKKDb54c,ROBLOX! Disaster survival,2014-10-15T16:39:24Z,FPS!!!!!!!!!!!,UCD5VUiNxflMhmJgmh5TO14Q,Formiga Atômica,43,6,0,0,https://www.youtube.com/watch?v=WEWdKKDb54c,840.91,-0.03440272783200462,-4089,-2708,-1890,-1332,-932,-637,-419,-258,-127,-10,105,233,388,597,889,1294,1877,2748,4203,-10,-0.08212219788356769
ftj4D_OpD34,Roblox! Ep 2,2014-10-22T23:40:36Z,Com o gerenciador do canal!!!,UCD5VUiNxflMhmJgmh5TO14Q,Formiga Atômica,39,6,0,0,https://www.youtube.com/watch?v=ftj4D_OpD34,1833.62,0.0103886029342257,-10646,-7099,-4847,-3279,-2179,-1433,-934,-573,-279,-13,253,543,896,1379,2099,3174,4743,7065,10831,-13,0.019064795545142663
twYDierVQAY,Roblox Ep 3!,2014-10-30T18:22:52Z,Muita tensão e cada vc!!!!,UCD5VUiNxflMhmJgmh5TO14Q,Formiga Atômica,40,3,0,NA,https://www.youtube.com/watch?v=twYDierVQAY,2172.98,-0.02851382400115847,-3033,-1878,-1178,-719,-450,-301,-204,-129,-65,-4,56,120,193,285,426,681,1140,1873,3108,-4,-0.032276679595125105
mL27GgklSkI,Happy Wheels! Ep 3,2014-11-19T17:07:51Z,Jogando aleatóriamente,UCD5VUiNxflMhmJgmh5TO14Q,Formiga Atômica,30,4,0,NA,https://www.youtube.com/watch?v=mL27GgklSkI,851.09,0.028866286447464893,-9183,-5388,-3302,-2048,-1365,-962,-671,-430,-213,-6,200,416,655,943,1337,2003,3244,5358,9237,NA,NA
Zq_RcboNI1A,Trollface Quest!,2014-11-23T19:41:50Z,Zerado em 10 minutos!!!,UCD5VUiNxflMhmJgmh5TO14Q,Formiga Atômica,29,5,0,NA,https://www.youtube.com/watch?v=Zq_RcboNI1A,649.08,0.018227690217949507,-7195,-4033,-2453,-1615,-1144,-832,-590,-384,-195,-16,160,347,549,784,1081,1521,2303,3894,7362,NA,NA
puQbXhb-jt0,Video zueira!!!,2014-11-25T16:10:36Z,Polly a destruidora,UCD5VUiNxflMhmJgmh5TO14Q,Formiga Atômica,95,11,0,NA,https://www.youtube.com/watch?v=puQbXhb-jt0,78.67,0.29115796174835606,-2680,-1579,-1032,-676,-432,-282,-186,-115,-54,-1,26,85,151,236,364,596,986,1627,2880,-1,0.2767301793098773
dkeaRb6Zo1Y,GTA V! jogando com o JV,2014-12-02T19:15:53Z,Zueira estreme!!!,UCD5VUiNxflMhmJgmh5TO14Q,Formiga Atômica,91,8,0,1,https://www.youtube.com/watch?v=dkeaRb6Zo1Y,2088.96,-0.01724884432125715,-2938,-1877,-1312,-949,-691,-497,-344,-216,-104,0,106,220,348,502,698,957,1321,1884,2933,0,-0.01343478533177594
610WM0ZVBlk,Trollface Quest 2! pássaro escroto,2014-12-04T16:32:09Z,Zerando em 9 minutos!!!!,UCD5VUiNxflMhmJgmh5TO14Q,Formiga Atômica,33,3,0,0,https://www.youtube.com/watch?v=610WM0ZVBlk,571.82,-0.06393542855843756,-4616,-2804,-1823,-1217,-834,-580,-398,-253,-127,-10,107,232,375,554,800,1180,1797,2811,4682,-10,-0.0986552097615117
kninS_qMyOw,Five night's at Freddys 2!!! muita tensão,2014-12-09T15:50:59Z,Me borrei todo XD,UCD5VUiNxflMhmJgmh5TO14Q,Formiga Atômica,38,5,0,NA,https://www.youtube.com/watch?v=kninS_qMyOw,473.09,-0.003190077744521104,-2086,-1248,-801,-551,-401,-296,-212,-140,-74,-10,53,118,189,270,370,508,739,1196,2168,-10,-0.029224390247339468
PzPsRCtx27A,Happy Wheels! Ep 4,2014-12-10T16:37:26Z,Matrix!!!,UCD5VUiNxflMhmJgmh5TO14Q,Formiga Atômica,29,4,0,NA,https://www.youtube.com/watch?v=PzPsRCtx27A,715.13,-0.021236058439887684,-2136,-1120,-632,-409,-296,-219,-157,-102,-51,-3,46,97,152,214,291,403,625,1134,2180,-2,-0.03667466989592539
H9jNcFbcTtc,GTA V! mais zueira impossivel XD,2014-12-17T12:25:31Z,OMG!!!!!,UCD5VUiNxflMhmJgmh5TO14Q,Formiga Atômica,44,7,0,1,https://www.youtube.com/watch?v=H9jNcFbcTtc,1736.81,0.20530866346001783,-3426,-1980,-1266,-841,-571,-394,-268,-168,-82,-1,75,161,260,385,562,836,1276,2017,3477,-1,0.26622564689553097
EeKifyUZa9k,Video Importante!!!!,2014-12-18T15:41:26Z,:(,UCD5VUiNxflMhmJgmh5TO14Q,Formiga Atômica,63,5,0,NA,https://www.youtube.com/watch?v=EeKifyUZa9k,28.06,0.5248958927383328,-7070,-4562,-3225,-2380,-1798,-1358,-994,-670,-370,-81,195,493,813,1171,1603,2197,3138,4779,7823,-82,0.6914586006558312
GqamkeJ8xqk,GTA V! zueira no trem!!!,2015-01-15T20:20:58Z,"Galera desculpa pela demora, mas tentarei voltar com os videos editados!!!",UCD5VUiNxflMhmJgmh5TO14Q,Formiga Atômica,212,4,0,0,https://www.youtube.com/watch?v=GqamkeJ8xqk,1613.06,-0.0834694097692342,-9203,-5938,-4285,-3181,-2345,-1677,-1141,-709,-346,-14,316,676,1103,1635,2302,3143,4260,5952,9366,NA,NA
q5J8gC9-Ec8,Minecraft! Desafios de um amigo Ep 1 (1),2015-01-23T15:21:13Z,Galera voltamos com a segunda temporada de Minecraft Desafios!!!,UCD5VUiNxflMhmJgmh5TO14Q,Formiga Atômica,62,6,0,1,https://www.youtube.com/watch?v=q5J8gC9-Ec8,315.07,0.21012948363125467,-8347,-4591,-2770,-1742,-1200,-863,-608,-393,-198,-10,176,371,586,840,1175,1715,2769,4690,8501,-10,0.2565650338123773
lKFkUdL1INM,Minecraft! Desafios de um amigo Ep 2 (1),2015-01-26T12:35:45Z,Esta cada vez mais difícil!!!,UCD5VUiNxflMhmJgmh5TO14Q,Formiga Atômica,44,6,0,0,https://www.youtube.com/watch?v=lKFkUdL1INM,249.07,-0.04265935151281557,-7792,-4212,-2517,-1613,-1121,-807,-569,-369,-188,-17,154,333,530,762,1065,1527,2397,4165,7949,-16,-0.05595905333932892
2FuHCQ8F_Eg,Minecraft! Desafios de um amigo Ep 3,2015-01-27T15:30:23Z,Enderman maldito quase morri!!!,UCD5VUiNxflMhmJgmh5TO14Q,Formiga Atômica,37,6,0,0,https://www.youtube.com/watch?v=2FuHCQ8F_Eg,278.06,0.1608716878128776,-8139,-4305,-2503,-1622,-1155,-844,-600,-388,-195,-9,176,370,580,824,1132,1590,2461,4329,8273,-9,0.055480407987609566
Sx-IRgaqnZw,Minecraft! Desafios de um amigo Ep 4,2015-01-28T17:21:03Z,Mais um Enderman que maldição!!!,UCD5VUiNxflMhmJgmh5TO14Q,Formiga Atômica,45,5,0,0,https://www.youtube.com/watch?v=Sx-IRgaqnZw,340.08,-0.07276351642750725,-8678,-4599,-2638,-1697,-1213,-889,-632,-410,-206,-9,187,391,614,870,1194,1677,2626,4703,8919,-9,0.00884136330667294
XqoaAhJbRS4,GTA V! Zuando com códigos!!!,2015-01-30T18:38:22Z,"Esse video tem tudo para ser um lixo XD

Site:http://games.terra.com.br/dicas-e-tutoriais/gta-v-veja-codigos-para-invencibilidade-armas-e-outros,7824b54404071410VgnVCM10000098cceb0aRCRD.html",UCD5VUiNxflMhmJgmh5TO14Q,Formiga Atômica,96,7,0,0,https://www.youtube.com/watch?v=XqoaAhJbRS4,1563.1,-0.007464459423264257,-13050,-8690,-6111,-4367,-3112,-2163,-1425,-851,-397,1,398,855,1431,2175,3134,4408,6179,8772,13034,NA,NA
9zzhvYjG6cQ,Minecraft! Desafios de um amigo Ep 5,2015-01-31T16:01:38Z,Péssimas noticias ;(,UCD5VUiNxflMhmJgmh5TO14Q,Formiga Atômica,25,5,0,0,https://www.youtube.com/watch?v=9zzhvYjG6cQ,310.08,0.13962566111971103,-9760,-5508,-3226,-1913,-1273,-904,-634,-409,-207,-15,176,377,598,861,1214,1816,3124,5568,10038,-14,0.03871756213450293
e42uvRMXNcU,NOVA INTRO!!!,2015-02-02T16:39:58Z,Galera deixem um like se gostarem da nova intro que eu criei!!!,UCD5VUiNxflMhmJgmh5TO14Q,Formiga Atômica,81,9,0,0,https://www.youtube.com/watch?v=e42uvRMXNcU,10.08,1.8876070451928613,-3264,-2303,-1755,-1350,-1025,-749,-515,-306,-119,0,150,340,551,790,1057,1371,1765,2292,3189,0,1.4941237586355787
WV0tfeuexz8,Minecraft! Desafios de um amigo Ep 7 (FIM!?!?),2015-02-04T20:08:36Z,E nós terminamos mais uma temporada de minecraft desafios XD,UCD5VUiNxflMhmJgmh5TO14Q,Formiga Atômica,41,6,0,0,https://www.youtube.com/watch?v=WV0tfeuexz8,360.05,0.1172132488816306,-7094,-3826,-2264,-1515,-1105,-817,-585,-381,-193,-13,166,353,555,786,1070,1473,2211,3867,7358,-14,-0.04131266294123746
GHpyZF0APo8,Happy Wheels! Ep 5,2015-02-10T08:20:54Z,Um recado importante!!!,UCD5VUiNxflMhmJgmh5TO14Q,Formiga Atômica,22,7,0,NA,https://www.youtube.com/watch?v=GHpyZF0APo8,395.09,0.0023281205706070546,-11132,-6814,-4247,-2537,-1505,-992,-674,-431,-222,-27,167,372,606,902,1353,2258,3941,6671,11493,-26,0.11213799204227919
w0qT8S6ARw8,AVISO IMPORTANTE!!!,2015-02-14T13:30:59Z,Passem no canal mais tarde!,UCD5VUiNxflMhmJgmh5TO14Q,Formiga Atômica,75,8,0,NA,https://www.youtube.com/watch?v=w0qT8S6ARw8,18.07,-0.09312864283606316,-8744,-5861,-4240,-3049,-2148,-1453,-958,-605,-321,-68,163,428,745,1178,1844,2829,4198,6231,9692,-66,-0.41016259037922387
Wq0Rq-D0Kuw,Especial de Gartic!!!,2015-02-15T10:36:23Z,"Canal da galera:
Forkside:https: //www.youtube.com/user/ForkSide1
Ville :3 https://www.youtube.com/user/villelagamerful
Victorios games: https://www.youtube.com/channel/UC0uho7KJTrhcsoMy6g-R3ew
RevoltzCraft: https://www.youtube.com/user/RevoltzCraft",UCD5VUiNxflMhmJgmh5TO14Q,Formiga Atômica,86,10,0,0,https://www.youtube.com/watch?v=Wq0Rq-D0Kuw,1688.09,0.11182422065674301,-14447,-9733,-6627,-4386,-2775,-1720,-1085,-655,-314,-5,303,642,1066,1690,2731,4329,6567,9700,14531,NA,NA
UVK1xIF_bF4,Trollface Quest 3! O roubo da trolla lisa!!!,2015-02-18T13:01:52Z,E zeramos mais um jogo da saga pessoal :),UCD5VUiNxflMhmJgmh5TO14Q,Formiga Atômica,32,7,0,0,https://www.youtube.com/watch?v=UVK1xIF_bF4,490.08,0.042329568641854394,-7856,-3824,-2023,-1261,-892,-651,-463,-303,-156,-15,126,272,431,615,847,1187,1851,3543,7892,-14,-0.019832433820328652
rhYGAEBwHeU,Catmario! Ep 1,2015-02-19T21:48:01Z,Mais que raiva cara!!!,UCD5VUiNxflMhmJgmh5TO14Q,Formiga Atômica,80,8,0,NA,https://www.youtube.com/watch?v=rhYGAEBwHeU,554.06,-0.0010820049669352278,-9969,-5559,-3101,-1830,-1218,-860,-601,-389,-200,-20,158,346,554,803,1139,1690,2853,5364,10181,-19,-0.040768868758843745
IPxloVKdruw,"Cumprindo mico do tomate, é horrivel!!!",2015-02-25T20:53:48Z,Cara eu nunca mais chego perto de tomate!,UCD5VUiNxflMhmJgmh5TO14Q,Formiga Atômica,216,20,0,3,https://www.youtube.com/watch?v=IPxloVKdruw,153.07,-0.04934565106616494,-6455,-2597,-1760,-1348,-1050,-804,-587,-386,-196,-9,177,369,572,793,1043,1348,1773,2616,6490,-8,-2.4729647921675204e-4
xmPCzK3B-Ms,"O poema proibido, me caguei XD",2015-02-27T17:08:30Z,"Canal da garela:
Lhgamers:https://www.youtube.com/channel/UCwky_zkGX9-WnQ9HWwp8eOQ
Victoriosgames:https://www.youtube.com/channel/UC0uho7KJTrhcsoMy6g-R3ew",UCD5VUiNxflMhmJgmh5TO14Q,Formiga Atômica,271,21,0,NA,https://www.youtube.com/watch?v=xmPCzK3B-Ms,42.02,-0.49968718272098483,-11163,-6908,-4448,-2840,-1821,-1234,-841,-531,-260,-5,251,522,832,1222,1797,2814,4447,6952,11270,-5,-0.4645529935275081
XzAwXj7iDo0,Happy Wheels! Ep 6,2015-02-28T18:45:59Z,Mitando!,UCD5VUiNxflMhmJgmh5TO14Q,Formiga Atômica,301,9,0,NA,https://www.youtube.com/watch?v=XzAwXj7iDo0,547.11,32.589337771093284,-9639,-5723,-3515,-2155,-1423,-997,-690,-436,-208,7,224,450,703,1008,1428,2145,3509,5769,9836,7,32.58503326164746
6CDkK4kQxm8,A volta do canal! - Minecraft no PC!!!!,2015-06-17T19:30:05Z,"Canal do victorios:
https://www.youtube.com/channel/UC0uho7KJTrhcsoMy6g-R3ew",UCD5VUiNxflMhmJgmh5TO14Q,Formiga Atômica,72,8,0,0,https://www.youtube.com/watch?v=6CDkK4kQxm8,324.74,-0.050722902758275235,-2495,-1278,-694,-358,-166,-67,-32,-18,-8,0,6,14,26,49,123,294,621,1224,2550,0,0.01770291881194623
wi0SHbrXk0Q,Gartic com os parça,2015-06-26T18:52:15Z,"Canal do Gabriel:
https://www.youtube.com/user/GABRIELGAMER57
Canal do Ville:
https://www.youtube.com/user/villelagamerful",UCD5VUiNxflMhmJgmh5TO14Q,Formiga Atômica,66,8,0,0,https://www.youtube.com/watch?v=wi0SHbrXk0Q,846.89,0.06743202761167946,-662,-255,-110,-43,-14,-6,-3,-1,-1,0,1,1,2,5,13,40,102,238,652,0,0.09809327896172024
bAbT6Tu8iTo,Minecraft - Rage do victorios e mitando com arco e flecha,2015-07-01T16:44:26Z,"Canal do victorios:
https://www.youtube.com/channel/UC0uho7KJTrhcsoMy6g-R3ew",UCD5VUiNxflMhmJgmh5TO14Q,Formiga Atômica,64,8,0,0,https://www.youtube.com/watch?v=bAbT6Tu8iTo,960.77,-0.0065474096417310595,-679,-349,-192,-101,-47,-22,-12,-6,-2,0,2,5,10,19,40,91,182,342,688,0,0.02550366390915046
pUOhbwEPk6Q,Minecraft! Sky wars Ep 2,2015-07-08T00:03:53Z,"Canal do victorios:
https://www.youtube.com/channel/UC0uho7KJTrhcsoMy6g-R3ew",UCD5VUiNxflMhmJgmh5TO14Q,Formiga Atômica,87,7,0,1,https://www.youtube.com/watch?v=pUOhbwEPk6Q,1186.82,-0.003039625083415907,-736,-349,-170,-83,-46,-26,-14,-7,-3,0,2,6,11,22,39,69,145,324,748,0,-0.014171435697289573
YkKi9IQOjNc,Agar.io! Rage total,2015-07-14T01:31:28Z,Alone ;-;,UCD5VUiNxflMhmJgmh5TO14Q,Formiga Atômica,119,8,0,0,https://www.youtube.com/watch?v=YkKi9IQOjNc,1254.89,0.021409264545255567,-1805,-816,-383,-158,-43,-6,-2,-1,-1,0,0,1,2,4,26,128,365,829,1842,0,0.08589157956726018
o25D1pjOEP8,Jogo Video Teste,2016-01-27T23:23:32Z,NA,UCD5VUiNxflMhmJgmh5TO14Q,Formiga Atômica,144,10,0,1,https://www.youtube.com/watch?v=o25D1pjOEP8,97.56,-0.2349581881235479,-3589,-1188,-572,-268,-169,-122,-88,-57,-28,0,27,56,86,120,166,261,559,1233,3596,-1,1.611691950252836
Qk5EFKzPsG8,AI EH HUMILDE,2018-04-30T02:04:47Z,NA,UCD5VUiNxflMhmJgmh5TO14Q,Formiga Atômica,174,17,0,2,https://www.youtube.com/watch?v=Qk5EFKzPsG8,436.56,0.406765727124183,-13417,-9691,-7213,-5436,-4059,-2952,-2043,-1269,-591,0,600,1271,2035,2933,4032,5414,7223,9730,13459,-4,-0.16144568711440963
