id,title,publication_date,description,channel_id,channel_title,viewCount,likeCount,favoriteCount,commentCount,url
puVeHZI1JaM,MINECRAFT! o ovo do dragão XD,2014-02-14T19:01:00Z,Eu sou muito burro!!!!!,UCD5VUiNxflMhmJgmh5TO14Q,Formiga Atômica,311,9,0,1,https://www.youtube.com/watch?v=puVeHZI1JaM
AdABr8uNKJQ,MINECRAFT A mansão!,2014-02-15T17:47:15Z,"Eu não vi parar de gravar, eu fiquei falando que nem retardado.",UCD5VUiNxflMhmJgmh5TO14Q,Formiga Atômica,74,6,0,0,https://www.youtube.com/watch?v=AdABr8uNKJQ
gDe24qF92CI,GTA IV! participação especial!,2014-02-19T00:49:22Z,O mata tudo.,UCD5VUiNxflMhmJgmh5TO14Q,Formiga Atômica,52,3,0,0,https://www.youtube.com/watch?v=gDe24qF92CI
T1iU05bZ5RQ,HAPPY WHEELS! dinossauros,2014-02-21T23:16:43Z,Muito noob!,UCD5VUiNxflMhmJgmh5TO14Q,Formiga Atômica,147,5,0,NA,https://www.youtube.com/watch?v=T1iU05bZ5RQ
hBL0yVT9y7k,Saint Row! a prova de meus poderes,2014-02-25T01:31:24Z,O super poderoso!,UCD5VUiNxflMhmJgmh5TO14Q,Formiga Atômica,30,3,0,0,https://www.youtube.com/watch?v=hBL0yVT9y7k
LX7LNA1zNEg,Minecraft! Meu mundo,2014-03-01T18:38:21Z,Muitas construções!,UCD5VUiNxflMhmJgmh5TO14Q,Formiga Atômica,42,4,0,1,https://www.youtube.com/watch?v=LX7LNA1zNEg
KcM3qs85L58,Minecraft! Meu mundo Ep 2,2014-03-04T15:41:58Z,Muitas trolagens!,UCD5VUiNxflMhmJgmh5TO14Q,Formiga Atômica,35,4,0,0,https://www.youtube.com/watch?v=KcM3qs85L58
avwnoolTfDo,Minecraft! Meu mundo Ep 3,2014-03-07T18:49:59Z,Minha mansão!,UCD5VUiNxflMhmJgmh5TO14Q,Formiga Atômica,42,4,0,NA,https://www.youtube.com/watch?v=avwnoolTfDo
8tAL-w1F-Cw,Ghost Recon! o camper,2014-03-12T00:51:27Z,Apenas perdendo missões!,UCD5VUiNxflMhmJgmh5TO14Q,Formiga Atômica,27,3,0,0,https://www.youtube.com/watch?v=8tAL-w1F-Cw
DzxBZjyubM4,GTA IV! o infernos!!!!!!,2014-03-16T18:14:42Z,Controle maldito!,UCD5VUiNxflMhmJgmh5TO14Q,Formiga Atômica,79,4,0,0,https://www.youtube.com/watch?v=DzxBZjyubM4
rSQWfnJz7MQ,GTA IV! o grande pulo =O,2014-03-20T18:13:42Z,câmera e mãe malditas!!!!!!!,UCD5VUiNxflMhmJgmh5TO14Q,Formiga Atômica,43,4,0,0,https://www.youtube.com/watch?v=rSQWfnJz7MQ
EUm94aSJjWk,GTA IV! o grande pulo Ep 2,2014-03-21T18:40:37Z,Apenas sendo gangster!,UCD5VUiNxflMhmJgmh5TO14Q,Formiga Atômica,36,3,0,NA,https://www.youtube.com/watch?v=EUm94aSJjWk
q-vx5hvpQ1Q,SAINT ROW! o BOSS maldito!,2014-03-25T19:59:33Z,Todos os meus carros!!!,UCD5VUiNxflMhmJgmh5TO14Q,Formiga Atômica,10,3,0,0,https://www.youtube.com/watch?v=q-vx5hvpQ1Q
AXG-EHivpaE,GHOST RECON! perguntas importantes,2014-03-26T23:32:21Z,Mãe para de falar!!!!,UCD5VUiNxflMhmJgmh5TO14Q,Formiga Atômica,12,3,0,0,https://www.youtube.com/watch?v=AXG-EHivpaE
YymuqVS8-to,GTA IV! a violência domina o mundo de gta,2014-04-02T00:50:11Z,Apenas matando inocentes!!!!,UCD5VUiNxflMhmJgmh5TO14Q,Formiga Atômica,50,3,0,0,https://www.youtube.com/watch?v=YymuqVS8-to
i1W7H0TKblM,GTA IV! o sniper pro,2014-04-04T18:23:41Z,Apenas derrubando helicópteros de sniper!!!!,UCD5VUiNxflMhmJgmh5TO14Q,Formiga Atômica,24,3,0,NA,https://www.youtube.com/watch?v=i1W7H0TKblM
9ZwZpCGPYy4,GTA IV! jogando com Tony,2014-04-05T12:30:57Z,Este foi meu primeiro video gravado!!!,UCD5VUiNxflMhmJgmh5TO14Q,Formiga Atômica,20,3,0,NA,https://www.youtube.com/watch?v=9ZwZpCGPYy4
gCyAokCAT6M,GTA IV! o APC!,2014-04-05T19:33:09Z,Easter eeg da estatua da liberdade?,UCD5VUiNxflMhmJgmh5TO14Q,Formiga Atômica,21,4,0,0,https://www.youtube.com/watch?v=gCyAokCAT6M
Svdo50JAD20,GTA IV! finalmente!,2014-04-09T00:21:55Z,O maior easter egg do GTA IV!!!!!!!!!,UCD5VUiNxflMhmJgmh5TO14Q,Formiga Atômica,14,3,0,0,https://www.youtube.com/watch?v=Svdo50JAD20
QNUCoIn4WjE,GTA IV! fazendo uma missão :),2014-04-10T23:55:53Z,Mr. C4!!!!!!,UCD5VUiNxflMhmJgmh5TO14Q,Formiga Atômica,31,3,0,0,https://www.youtube.com/watch?v=QNUCoIn4WjE
p2j-OLQMJNE,Aviso importante sobre o canal!!!! Atomicpocket,2014-04-16T19:17:06Z,E a tristeza vai as alturas!!,UCD5VUiNxflMhmJgmh5TO14Q,Formiga Atômica,69,5,0,0,https://www.youtube.com/watch?v=p2j-OLQMJNE
-VgwmOI0XUw,Star Wars: The Force Unleashed II! Ep 1,2014-04-20T00:48:00Z,O jogo mais surpreendente de todos XD!!!,UCD5VUiNxflMhmJgmh5TO14Q,Formiga Atômica,34,3,0,0,https://www.youtube.com/watch?v=-VgwmOI0XUw
zUZ2b-V2u5I,Star Wars: The Force Unleashed II! Ep 2,2014-04-21T02:04:57Z,Robôs de gelo :(,UCD5VUiNxflMhmJgmh5TO14Q,Formiga Atômica,22,3,0,1,https://www.youtube.com/watch?v=zUZ2b-V2u5I
e-D8CxFSc_8,Star Wars: The Force Unleashed II Ep 3!,2014-04-23T09:26:35Z,A fuga e o Coliseu Galatico!!!!!!,UCD5VUiNxflMhmJgmh5TO14Q,Formiga Atômica,22,3,0,0,https://www.youtube.com/watch?v=e-D8CxFSc_8
uhlt8MfueJU,Star Wars: The Force Unleashed II! Ep 5,2014-04-25T19:15:36Z,E a maldição da nave continua e o pulo épico :O,UCD5VUiNxflMhmJgmh5TO14Q,Formiga Atômica,14,3,0,0,https://www.youtube.com/watch?v=uhlt8MfueJU
tV_n8icZXGg,Star Wars: The Force Unleashed II! Ep 4,2014-04-25T19:16:11Z,Nave malditaaaaa! :(,UCD5VUiNxflMhmJgmh5TO14Q,Formiga Atômica,30,3,0,0,https://www.youtube.com/watch?v=tV_n8icZXGg
7eG3nIaKofY,Star Wars: The Force Unleashed II! Ep 6,2014-04-25T22:19:43Z,As muralhas mais frágeis do mundo!,UCD5VUiNxflMhmJgmh5TO14Q,Formiga Atômica,12,2,0,0,https://www.youtube.com/watch?v=7eG3nIaKofY
5qddEexpya4,Star Wars: The Force Unleashed II! Ep 7,2014-04-25T23:12:12Z,A morte do boss da nave e pedido de desculpas! :D,UCD5VUiNxflMhmJgmh5TO14Q,Formiga Atômica,17,2,0,0,https://www.youtube.com/watch?v=5qddEexpya4
B_XX296aDM4,Star Wars: The Force Unleashed II! Ep 8,2014-04-26T10:24:04Z,The Gorog o maior monstro do universo!!!!!!,UCD5VUiNxflMhmJgmh5TO14Q,Formiga Atômica,14,3,0,0,https://www.youtube.com/watch?v=B_XX296aDM4
6XhcEqeRjQw,Star Wars: The Force Unleashed II! Ep 9,2014-04-26T12:25:34Z,A incrível morte de The Gorog!!!!,UCD5VUiNxflMhmJgmh5TO14Q,Formiga Atômica,4,3,0,0,https://www.youtube.com/watch?v=6XhcEqeRjQw
AB1bULXPOac,Star Wars: The Force Unleashed II! Ep 10,2014-04-26T18:01:12Z,Reencontrando a Juno!!!!,UCD5VUiNxflMhmJgmh5TO14Q,Formiga Atômica,6,2,0,0,https://www.youtube.com/watch?v=AB1bULXPOac
P244EFRBfdE,Meu aniversario!!! Atomicpocket :),2014-04-26T18:01:19Z,O atomicpocket mais vergonhante de todos!,UCD5VUiNxflMhmJgmh5TO14Q,Formiga Atômica,29,2,0,NA,https://www.youtube.com/watch?v=P244EFRBfdE
I0mEgi5duNc,Star Wars: The Force Unleashed II! Ep 11,2014-04-27T01:50:33Z,Boba Feet o sequestrador e a aventura pelos motores da nave!!!!!,UCD5VUiNxflMhmJgmh5TO14Q,Formiga Atômica,6,3,0,0,https://www.youtube.com/watch?v=I0mEgi5duNc
PU9Ng34RUoM,Star Wars: The Force Unleashed II! Ep 12,2014-04-29T17:20:08Z,Matando o Terror Walker a maior aranha do universo!!!,UCD5VUiNxflMhmJgmh5TO14Q,Formiga Atômica,16,2,0,0,https://www.youtube.com/watch?v=PU9Ng34RUoM
6zMHG9jJ8DE,Star Wars: The Force Unleashed II! Ep 13,2014-04-30T18:09:26Z,Aventura pelos motores da nave! parte 2 kkkkk,UCD5VUiNxflMhmJgmh5TO14Q,Formiga Atômica,9,2,0,0,https://www.youtube.com/watch?v=6zMHG9jJ8DE
j4S4ZwiIuqo,Star Wars: The Force Unleashed II! Ep 14,2014-05-01T14:45:44Z,Robôs de fogo e guerra no espaço,UCD5VUiNxflMhmJgmh5TO14Q,Formiga Atômica,9,3,0,1,https://www.youtube.com/watch?v=j4S4ZwiIuqo
W_VsL90UpW4,Star Wars: The Force Unleashed II! Ep 15,2014-05-01T19:41:05Z,A grande explosão da nave inimiga e abandon ship!!!,UCD5VUiNxflMhmJgmh5TO14Q,Formiga Atômica,53,3,0,0,https://www.youtube.com/watch?v=W_VsL90UpW4
FnmKnUtB5Xk,Star Wars: The Force Unleashed II! Ep 16,2014-05-02T18:36:14Z,A grande fuga da nave em chamas!!!,UCD5VUiNxflMhmJgmh5TO14Q,Formiga Atômica,15,3,0,0,https://www.youtube.com/watch?v=FnmKnUtB5Xk
_FbyDY3qZfc,Star Wars: The Force Unleashed II! Ep 17,2014-05-04T17:10:49Z,Minhas primeiras montagens e o bug da porta!!!,UCD5VUiNxflMhmJgmh5TO14Q,Formiga Atômica,14,2,0,0,https://www.youtube.com/watch?v=_FbyDY3qZfc
VxbkZGlVRTw,Star Wars: The Force Unleashed II! Ep 18,2014-05-07T22:25:23Z,Voltando ao ponto de inicio e espada preta :O,UCD5VUiNxflMhmJgmh5TO14Q,Formiga Atômica,26,3,0,0,https://www.youtube.com/watch?v=VxbkZGlVRTw
Y_kgj9y7foI,Star Wars: The Force Unleashed II! Ep 19,2014-05-08T20:25:26Z,Fazendo parkur no Star Wars :),UCD5VUiNxflMhmJgmh5TO14Q,Formiga Atômica,5,2,0,0,https://www.youtube.com/watch?v=Y_kgj9y7foI
YNbQG9SZ8fI,Star Wars: The Force Unleashed II! Ep 20,2014-05-09T09:15:45Z,Lutando contra Lord Vader!!!! XD,UCD5VUiNxflMhmJgmh5TO14Q,Formiga Atômica,8,3,0,0,https://www.youtube.com/watch?v=YNbQG9SZ8fI
HysQoZuDEdk,Star Wars: The Force Unleashed II! Ep 21,2014-05-09T18:34:16Z,A morte de Juno!!!!! ; - ;,UCD5VUiNxflMhmJgmh5TO14Q,Formiga Atômica,4,3,0,0,https://www.youtube.com/watch?v=HysQoZuDEdk
bpGfZELk-4c,Star Wars: The Force Unleashed II! Ep 22,2014-05-09T20:49:39Z,A grande escolha entre dark side e light side XD,UCD5VUiNxflMhmJgmh5TO14Q,Formiga Atômica,12,2,0,0,https://www.youtube.com/watch?v=bpGfZELk-4c
Ps4W2LzwfTI,Star Wars: The Force Unleashed II! Ep 23,2014-05-09T21:52:38Z,A grande perda dos rebeldes!,UCD5VUiNxflMhmJgmh5TO14Q,Formiga Atômica,9,3,0,0,https://www.youtube.com/watch?v=Ps4W2LzwfTI
5QzgT3KU1lk,Star Wars: The Force Unleashed II! Ep 24,2014-05-11T00:45:18Z,A grande vitória dos rebeldes!,UCD5VUiNxflMhmJgmh5TO14Q,Formiga Atômica,11,2,0,0,https://www.youtube.com/watch?v=5QzgT3KU1lk
pIl-_abMKQk,Minecraft! Ep 1,2014-05-11T14:15:23Z,O pior jogador do mundo :(,UCD5VUiNxflMhmJgmh5TO14Q,Formiga Atômica,39,4,0,0,https://www.youtube.com/watch?v=pIl-_abMKQk
tstttVeAiWg,Minecraft! Ep 2,2014-05-11T19:47:12Z,O grito mais escroto da fase da Terra!,UCD5VUiNxflMhmJgmh5TO14Q,Formiga Atômica,35,3,0,0,https://www.youtube.com/watch?v=tstttVeAiWg
SQH6_xvk2oE,Minecraft! Ep 3,2014-05-12T00:29:41Z,A pessoa mais sega do mundo!,UCD5VUiNxflMhmJgmh5TO14Q,Formiga Atômica,26,4,0,0,https://www.youtube.com/watch?v=SQH6_xvk2oE
acYJC8zXIrY,VLOG: Video especial (50),2014-05-16T00:10:07Z,Meu primeiro vlog,UCD5VUiNxflMhmJgmh5TO14Q,Formiga Atômica,48,3,0,0,https://www.youtube.com/watch?v=acYJC8zXIrY
0dJftLxqbMA,VLOG: Esperando o professor em um curso novo.,2014-05-16T00:14:17Z,A sala mais loca do mundo!,UCD5VUiNxflMhmJgmh5TO14Q,Formiga Atômica,72,3,0,0,https://www.youtube.com/watch?v=0dJftLxqbMA
jAHmgZxN9vU,VLOG: A chatice aumenta!,2014-05-16T00:34:37Z,Re mostrando a sala,UCD5VUiNxflMhmJgmh5TO14Q,Formiga Atômica,113,5,0,NA,https://www.youtube.com/watch?v=jAHmgZxN9vU
uDfVr-HzeLs,Minecraft! Ep 4,2014-05-16T22:53:25Z,Encontrando a vila!!!!,UCD5VUiNxflMhmJgmh5TO14Q,Formiga Atômica,20,2,0,0,https://www.youtube.com/watch?v=uDfVr-HzeLs
6J-IWaex9BA,Minecraft! Ep 5,2014-05-17T14:24:48Z,Estou sem ideias!,UCD5VUiNxflMhmJgmh5TO14Q,Formiga Atômica,9,2,0,0,https://www.youtube.com/watch?v=6J-IWaex9BA
U9yZ7kXid-A,Minecraft! Ep 6,2014-05-17T20:02:59Z,Gato maldito!!!,UCD5VUiNxflMhmJgmh5TO14Q,Formiga Atômica,16,2,0,0,https://www.youtube.com/watch?v=U9yZ7kXid-A
PXDE16ZK9Hg,Minecraft! Ep 7,2014-05-21T22:38:50Z,Ice Golem e mudanças!!!,UCD5VUiNxflMhmJgmh5TO14Q,Formiga Atômica,21,2,0,0,https://www.youtube.com/watch?v=PXDE16ZK9Hg
72D9UKdVnlc,GTA IV! Minhas primeiras edições!!!,2014-07-23T16:55:31Z,Este video foi gravado antes da minha camera quebrar,UCD5VUiNxflMhmJgmh5TO14Q,Formiga Atômica,48,3,0,NA,https://www.youtube.com/watch?v=72D9UKdVnlc
Y3An2AAcwJ4,GTA IV! O novo Super Man!!!!,2014-07-24T01:26:25Z,ATENÇÃO este video foi gravado antes da minha camera quebrer!,UCD5VUiNxflMhmJgmh5TO14Q,Formiga Atômica,28,3,0,1,https://www.youtube.com/watch?v=Y3An2AAcwJ4
k3Q7-wi3TzE,GTA V! Ep 1,2014-08-02T18:23:43Z,O pior pulador de paraquedas do mundo!!!,UCD5VUiNxflMhmJgmh5TO14Q,Formiga Atômica,20,2,0,0,https://www.youtube.com/watch?v=k3Q7-wi3TzE
nZGZELj23OA,GTA V! A vila dos pelados,2014-08-09T20:07:50Z,Muita zueira!!!!!,UCD5VUiNxflMhmJgmh5TO14Q,Formiga Atômica,194,7,0,2,https://www.youtube.com/watch?v=nZGZELj23OA
g_A7VCYBoW0,Minecraft! Ep 8,2014-08-17T15:16:04Z,A continuação da série!!!,UCD5VUiNxflMhmJgmh5TO14Q,Formiga Atômica,26,4,0,NA,https://www.youtube.com/watch?v=g_A7VCYBoW0
mrxOfwJjIpI,GTA V! O roubo do jato XD,2014-08-23T17:26:01Z,Escrevão nos comentarios se gostarem da edição,UCD5VUiNxflMhmJgmh5TO14Q,Formiga Atômica,80,3,0,NA,https://www.youtube.com/watch?v=mrxOfwJjIpI
QTK2BcKxFtA,Cumprindo desafio do balde de gelo!,2014-08-29T19:18:39Z,"Desafio para conscientização da doença ELA, aceito",UCD5VUiNxflMhmJgmh5TO14Q,Formiga Atômica,250,7,0,NA,https://www.youtube.com/watch?v=QTK2BcKxFtA
GDyC_xeWsAQ,Minecraft! Especial de uma hora!!!,2014-09-04T17:07:01Z,Este vídeo foi feito por termos chegado a 1.000 visualizações,UCD5VUiNxflMhmJgmh5TO14Q,Formiga Atômica,37,5,0,NA,https://www.youtube.com/watch?v=GDyC_xeWsAQ
Uj_5HxtWVMM,Vídeo zueira! Vejam a descrição,2014-09-04T22:18:58Z,Como descobrir se seu amigo é um assassino profissional!,UCD5VUiNxflMhmJgmh5TO14Q,Formiga Atômica,162,10,0,NA,https://www.youtube.com/watch?v=Uj_5HxtWVMM
0gAytUB5qM4,Word of Tanks! Morri!,2014-09-06T19:51:45Z,Como não destruir tanques!,UCD5VUiNxflMhmJgmh5TO14Q,Formiga Atômica,20,4,0,NA,https://www.youtube.com/watch?v=0gAytUB5qM4
c1R5hmdwZyw,Minecraft! Desafios de um amigo Ep 1,2014-09-10T23:40:41Z,Desculpe se o tamanho do video for pequeno :(,UCD5VUiNxflMhmJgmh5TO14Q,Formiga Atômica,47,2,0,NA,https://www.youtube.com/watch?v=c1R5hmdwZyw
1cHKXcft5GA,Video zueira! O troco,2014-09-12T19:16:12Z,Gabriel maldito!!!!!,UCD5VUiNxflMhmJgmh5TO14Q,Formiga Atômica,77,3,0,NA,https://www.youtube.com/watch?v=1cHKXcft5GA
--LIMZecSJA,Minecraft! Desafios de um amigo Ep 2,2014-09-15T23:10:15Z,O tirador de escadas :(,UCD5VUiNxflMhmJgmh5TO14Q,Formiga Atômica,32,2,0,NA,https://www.youtube.com/watch?v=--LIMZecSJA
Akkj7uL0DS8,Minecraft! Desafios de um amigo Ep 3 (FIM?),2014-09-19T22:16:05Z,Eu vou cobrá-lo um mapa melhor!!!!!,UCD5VUiNxflMhmJgmh5TO14Q,Formiga Atômica,25,3,0,NA,https://www.youtube.com/watch?v=Akkj7uL0DS8
3TQBsM1ODjY,Plants vs Zombies! Ep 1,2014-09-23T19:40:56Z,E morreu!,UCD5VUiNxflMhmJgmh5TO14Q,Formiga Atômica,26,2,0,NA,https://www.youtube.com/watch?v=3TQBsM1ODjY
ZoLoEZpOx4Q,Video zueira!,2014-10-03T18:10:20Z,A MORTE!!!!!!!,UCD5VUiNxflMhmJgmh5TO14Q,Formiga Atômica,98,8,0,NA,https://www.youtube.com/watch?v=ZoLoEZpOx4Q
FKf0txXrf6M,HAPPY WHEELS! Ep 1,2014-10-10T22:46:49Z,SWORD THROW PRÓ!!!!,UCD5VUiNxflMhmJgmh5TO14Q,Formiga Atômica,30,4,0,NA,https://www.youtube.com/watch?v=FKf0txXrf6M
MMBi7K23g5g,GTA V! Procurando Easter Eggs,2014-10-14T09:12:22Z,Loucuras!!!!,UCD5VUiNxflMhmJgmh5TO14Q,Formiga Atômica,34,4,0,0,https://www.youtube.com/watch?v=MMBi7K23g5g
Jv7SD2xZn1U,HAPPY WHEELS! Ep 2,2014-10-15T11:42:17Z,Rope swing!!!,UCD5VUiNxflMhmJgmh5TO14Q,Formiga Atômica,22,5,0,NA,https://www.youtube.com/watch?v=Jv7SD2xZn1U
WEWdKKDb54c,ROBLOX! Disaster survival,2014-10-15T16:39:24Z,FPS!!!!!!!!!!!,UCD5VUiNxflMhmJgmh5TO14Q,Formiga Atômica,43,6,0,0,https://www.youtube.com/watch?v=WEWdKKDb54c
ftj4D_OpD34,Roblox! Ep 2,2014-10-22T23:40:36Z,Com o gerenciador do canal!!!,UCD5VUiNxflMhmJgmh5TO14Q,Formiga Atômica,39,6,0,0,https://www.youtube.com/watch?v=ftj4D_OpD34
twYDierVQAY,Roblox Ep 3!,2014-10-30T18:22:52Z,Muita tensão e cada vc!!!!,UCD5VUiNxflMhmJgmh5TO14Q,Formiga Atômica,40,3,0,NA,https://www.youtube.com/watch?v=twYDierVQAY
mL27GgklSkI,Happy Wheels! Ep 3,2014-11-19T17:07:51Z,Jogando aleatóriamente,UCD5VUiNxflMhmJgmh5TO14Q,Formiga Atômica,30,4,0,NA,https://www.youtube.com/watch?v=mL27GgklSkI
Zq_RcboNI1A,Trollface Quest!,2014-11-23T19:41:50Z,Zerado em 10 minutos!!!,UCD5VUiNxflMhmJgmh5TO14Q,Formiga Atômica,29,5,0,NA,https://www.youtube.com/watch?v=Zq_RcboNI1A
puQbXhb-jt0,Video zueira!!!,2014-11-25T16:10:36Z,Polly a destruidora,UCD5VUiNxflMhmJgmh5TO14Q,Formiga Atômica,95,11,0,NA,https://www.youtube.com/watch?v=puQbXhb-jt0
dkeaRb6Zo1Y,GTA V! jogando com o JV,2014-12-02T19:15:53Z,Zueira estreme!!!,UCD5VUiNxflMhmJgmh5TO14Q,Formiga Atômica,91,8,0,1,https://www.youtube.com/watch?v=dkeaRb6Zo1Y
610WM0ZVBlk,Trollface Quest 2! pássaro escroto,2014-12-04T16:32:09Z,Zerando em 9 minutos!!!!,UCD5VUiNxflMhmJgmh5TO14Q,Formiga Atômica,33,3,0,0,https://www.youtube.com/watch?v=610WM0ZVBlk
kninS_qMyOw,Five night's at Freddys 2!!! muita tensão,2014-12-09T15:50:59Z,Me borrei todo XD,UCD5VUiNxflMhmJgmh5TO14Q,Formiga Atômica,38,5,0,NA,https://www.youtube.com/watch?v=kninS_qMyOw
PzPsRCtx27A,Happy Wheels! Ep 4,2014-12-10T16:37:26Z,Matrix!!!,UCD5VUiNxflMhmJgmh5TO14Q,Formiga Atômica,29,4,0,NA,https://www.youtube.com/watch?v=PzPsRCtx27A
H9jNcFbcTtc,GTA V! mais zueira impossivel XD,2014-12-17T12:25:31Z,OMG!!!!!,UCD5VUiNxflMhmJgmh5TO14Q,Formiga Atômica,44,7,0,1,https://www.youtube.com/watch?v=H9jNcFbcTtc
EeKifyUZa9k,Video Importante!!!!,2014-12-18T15:41:26Z,:(,UCD5VUiNxflMhmJgmh5TO14Q,Formiga Atômica,63,5,0,NA,https://www.youtube.com/watch?v=EeKifyUZa9k
GqamkeJ8xqk,GTA V! zueira no trem!!!,2015-01-15T20:20:58Z,"Galera desculpa pela demora, mas tentarei voltar com os videos editados!!!",UCD5VUiNxflMhmJgmh5TO14Q,Formiga Atômica,212,4,0,0,https://www.youtube.com/watch?v=GqamkeJ8xqk
q5J8gC9-Ec8,Minecraft! Desafios de um amigo Ep 1,2015-01-23T15:21:13Z,Galera voltamos com a segunda temporada de Minecraft Desafios!!!,UCD5VUiNxflMhmJgmh5TO14Q,Formiga Atômica,62,6,0,1,https://www.youtube.com/watch?v=q5J8gC9-Ec8
lKFkUdL1INM,Minecraft! Desafios de um amigo Ep 2,2015-01-26T12:35:45Z,Esta cada vez mais difícil!!!,UCD5VUiNxflMhmJgmh5TO14Q,Formiga Atômica,44,6,0,0,https://www.youtube.com/watch?v=lKFkUdL1INM
2FuHCQ8F_Eg,Minecraft! Desafios de um amigo Ep 3,2015-01-27T15:30:23Z,Enderman maldito quase morri!!!,UCD5VUiNxflMhmJgmh5TO14Q,Formiga Atômica,37,6,0,0,https://www.youtube.com/watch?v=2FuHCQ8F_Eg
Sx-IRgaqnZw,Minecraft! Desafios de um amigo Ep 4,2015-01-28T17:21:03Z,Mais um Enderman que maldição!!!,UCD5VUiNxflMhmJgmh5TO14Q,Formiga Atômica,45,5,0,0,https://www.youtube.com/watch?v=Sx-IRgaqnZw
XqoaAhJbRS4,GTA V! Zuando com códigos!!!,2015-01-30T18:38:22Z,"Esse video tem tudo para ser um lixo XD

Site:http://games.terra.com.br/dicas-e-tutoriais/gta-v-veja-codigos-para-invencibilidade-armas-e-outros,7824b54404071410VgnVCM10000098cceb0aRCRD.html",UCD5VUiNxflMhmJgmh5TO14Q,Formiga Atômica,96,7,0,0,https://www.youtube.com/watch?v=XqoaAhJbRS4
9zzhvYjG6cQ,Minecraft! Desafios de um amigo Ep 5,2015-01-31T16:01:38Z,Péssimas noticias ;(,UCD5VUiNxflMhmJgmh5TO14Q,Formiga Atômica,25,5,0,0,https://www.youtube.com/watch?v=9zzhvYjG6cQ
e42uvRMXNcU,NOVA INTRO!!!,2015-02-02T16:39:58Z,Galera deixem um like se gostarem da nova intro que eu criei!!!,UCD5VUiNxflMhmJgmh5TO14Q,Formiga Atômica,81,9,0,0,https://www.youtube.com/watch?v=e42uvRMXNcU
WV0tfeuexz8,Minecraft! Desafios de um amigo Ep 7 (FIM!?!?),2015-02-04T20:08:36Z,E nós terminamos mais uma temporada de minecraft desafios XD,UCD5VUiNxflMhmJgmh5TO14Q,Formiga Atômica,41,6,0,0,https://www.youtube.com/watch?v=WV0tfeuexz8
GHpyZF0APo8,Happy Wheels! Ep 5,2015-02-10T08:20:54Z,Um recado importante!!!,UCD5VUiNxflMhmJgmh5TO14Q,Formiga Atômica,22,7,0,NA,https://www.youtube.com/watch?v=GHpyZF0APo8
w0qT8S6ARw8,AVISO IMPORTANTE!!!,2015-02-14T13:30:59Z,Passem no canal mais tarde!,UCD5VUiNxflMhmJgmh5TO14Q,Formiga Atômica,75,8,0,NA,https://www.youtube.com/watch?v=w0qT8S6ARw8
Wq0Rq-D0Kuw,Especial de Gartic!!!,2015-02-15T10:36:23Z,"Canal da galera:
Forkside:https: //www.youtube.com/user/ForkSide1
Ville :3 https://www.youtube.com/user/villelagamerful
Victorios games: https://www.youtube.com/channel/UC0uho7KJTrhcsoMy6g-R3ew
RevoltzCraft: https://www.youtube.com/user/RevoltzCraft",UCD5VUiNxflMhmJgmh5TO14Q,Formiga Atômica,86,10,0,0,https://www.youtube.com/watch?v=Wq0Rq-D0Kuw
UVK1xIF_bF4,Trollface Quest 3! O roubo da trolla lisa!!!,2015-02-18T13:01:52Z,E zeramos mais um jogo da saga pessoal :),UCD5VUiNxflMhmJgmh5TO14Q,Formiga Atômica,32,7,0,0,https://www.youtube.com/watch?v=UVK1xIF_bF4
rhYGAEBwHeU,Catmario! Ep 1,2015-02-19T21:48:01Z,Mais que raiva cara!!!,UCD5VUiNxflMhmJgmh5TO14Q,Formiga Atômica,80,8,0,NA,https://www.youtube.com/watch?v=rhYGAEBwHeU
IPxloVKdruw,"Cumprindo mico do tomate, é horrivel!!!",2015-02-25T20:53:48Z,Cara eu nunca mais chego perto de tomate!,UCD5VUiNxflMhmJgmh5TO14Q,Formiga Atômica,216,20,0,3,https://www.youtube.com/watch?v=IPxloVKdruw
xmPCzK3B-Ms,"O poema proibido, me caguei XD",2015-02-27T17:08:30Z,"Canal da garela:
Lhgamers:https://www.youtube.com/channel/UCwky_zkGX9-WnQ9HWwp8eOQ
Victoriosgames:https://www.youtube.com/channel/UC0uho7KJTrhcsoMy6g-R3ew",UCD5VUiNxflMhmJgmh5TO14Q,Formiga Atômica,271,21,0,NA,https://www.youtube.com/watch?v=xmPCzK3B-Ms
XzAwXj7iDo0,Happy Wheels! Ep 6,2015-02-28T18:45:59Z,Mitando!,UCD5VUiNxflMhmJgmh5TO14Q,Formiga Atômica,301,9,0,NA,https://www.youtube.com/watch?v=XzAwXj7iDo0
6CDkK4kQxm8,A volta do canal! - Minecraft no PC!!!!,2015-06-17T19:30:05Z,"Canal do victorios:
https://www.youtube.com/channel/UC0uho7KJTrhcsoMy6g-R3ew",UCD5VUiNxflMhmJgmh5TO14Q,Formiga Atômica,72,8,0,0,https://www.youtube.com/watch?v=6CDkK4kQxm8
wi0SHbrXk0Q,Gartic com os parça,2015-06-26T18:52:15Z,"Canal do Gabriel:
https://www.youtube.com/user/GABRIELGAMER57
Canal do Ville:
https://www.youtube.com/user/villelagamerful",UCD5VUiNxflMhmJgmh5TO14Q,Formiga Atômica,66,8,0,0,https://www.youtube.com/watch?v=wi0SHbrXk0Q
bAbT6Tu8iTo,Minecraft - Rage do victorios e mitando com arco e flecha,2015-07-01T16:44:26Z,"Canal do victorios:
https://www.youtube.com/channel/UC0uho7KJTrhcsoMy6g-R3ew",UCD5VUiNxflMhmJgmh5TO14Q,Formiga Atômica,64,8,0,0,https://www.youtube.com/watch?v=bAbT6Tu8iTo
pUOhbwEPk6Q,Minecraft! Sky wars Ep 2,2015-07-08T00:03:53Z,"Canal do victorios:
https://www.youtube.com/channel/UC0uho7KJTrhcsoMy6g-R3ew",UCD5VUiNxflMhmJgmh5TO14Q,Formiga Atômica,87,7,0,1,https://www.youtube.com/watch?v=pUOhbwEPk6Q
YkKi9IQOjNc,Agar.io! Rage total,2015-07-14T01:31:28Z,Alone ;-;,UCD5VUiNxflMhmJgmh5TO14Q,Formiga Atômica,119,8,0,0,https://www.youtube.com/watch?v=YkKi9IQOjNc
o25D1pjOEP8,Jogo Video Teste,2016-01-27T23:23:32Z,,UCD5VUiNxflMhmJgmh5TO14Q,Formiga Atômica,144,10,0,1,https://www.youtube.com/watch?v=o25D1pjOEP8
kpVGbhFZ9Mk,Transmissão ao vivo de Formiga Atômica,2018-01-22T17:35:42Z,,UCD5VUiNxflMhmJgmh5TO14Q,Formiga Atômica,0,0,0,0,https://www.youtube.com/watch?v=kpVGbhFZ9Mk
Qk5EFKzPsG8,AI EH HUMILDE,2018-04-30T02:04:47Z,,UCD5VUiNxflMhmJgmh5TO14Q,Formiga Atômica,174,17,0,2,https://www.youtube.com/watch?v=Qk5EFKzPsG8
